Date,Open,High,Low,Close,Volume,Adj Close
2010-01-01,300.0,304.0060330761303,297.34786381091686,300.0,2867306,300.0
2010-01-04,302.2352136885506,303.3843054759777,300.00821196162224,302.2352136885506,9652233,302.2352136885506
2010-01-05,301.608388579401,303.4499664066471,300.75988106774696,301.608388579401,1842840,301.608388579401
2010-01-06,304.53861302356944,306.24339108953706,304.3346004224783,304.53861302356944,5394643,304.53861302356944
2010-01-07,311.4959340245292,314.86252204035264,309.888804339343,311.4959340245292,6889118,311.4959340245292
2010-01-08,310.4018666620626,312.9903765962909,305.55169515483607,310.4018666620626,6128643,310.4018666620626
2010-01-11,309.3117184346886,310.7320162284598,307.67529650696406,309.3117184346886,1125355,309.3117184346886
2010-01-12,316.6387538807687,316.86092571518293,314.1238040966991,316.6387538807687,5222102,316.6387538807687
2010-01-13,320.28374752562576,325.6035354484274,316.2664623562817,320.28374752562576,1615937,320.28374752562576
2010-01-14,318.02827229020767,319.394579689959,317.09467507036726,318.02827229020767,2375607,318.02827229020767
2010-01-15,320.61651378933783,321.2823948114899,316.2670885006538,320.61651378933783,1019477,320.61651378933783
2010-01-18,318.38782331287035,319.2524972611951,316.9027670445216,318.38782331287035,4556210,318.38782331287035
2010-01-19,316.16358307550126,320.20019711968024,316.0508976880083,316.16358307550126,7508856,316.16358307550126
2010-01-20,317.3110779567124,320.7413901184034,312.18608578124076,317.3110779567124,3487111,317.3110779567124
2010-01-21,308.20450270372766,311.4503672180524,304.61472356852835,308.20450270372766,3009606,308.20450270372766
2010-01-22,300.23009106211055,300.3488475365541,298.0246261021552,300.23009106211055,2559757,300.23009106211055
2010-01-25,297.69785652050393,299.7266694887545,295.28575238310697,297.69785652050393,8315830,297.69785652050393
2010-01-26,293.17509171739164,293.258114142585,292.587072789453,293.17509171739164,7156738,293.17509171739164
2010-01-27,294.55703407572514,294.6446828776792,291.1736419669619,294.55703407572514,4432207,294.55703407572514
2010-01-28,290.5450608974019,293.27119815286534,287.593640774842,290.5450608974019,7171638,290.5450608974019
2010-01-29,284.3899929237506,285.8575724898114,284.21458160313256,284.3899929237506,2881297,284.3899929237506
2010-02-01,290.64223056908514,290.9215981392268,289.39590872747607,290.64223056908514,7083059,290.64223056908514
2010-02-02,289.6579286553395,290.996945681288,287.6502933099471,289.6579286553395,5529275,289.6579286553395
2010-02-03,289.9513298537753,291.2111574433798,289.43973521783425,289.9513298537753,9519792,289.9513298537753
2010-02-04,283.75471538428513,284.6320058632811,282.71325658411314,283.75471538428513,2135627,283.75471538428513
2010-02-05,281.4376479084187,282.06281597051486,279.1084974571048,281.4376479084187,1245300,281.4376479084187
2010-02-08,281.90591479963655,283.25553548112765,281.6630700980907,281.90591479963655,9972618,281.90591479963655
2010-02-09,277.0388363390604,280.51776849660575,274.0685948963184,277.0388363390604,1092036,277.0388363390604
2010-02-10,278.60008046632106,281.0924571301622,270.4611956686018,278.60008046632106,6995802,278.60008046632106
2010-02-11,276.0900106561826,276.60594459846106,274.8847126463631,276.0900106561826,7439051,276.0900106561826
2010-02-12,274.88200469885106,276.0907462471186,272.39725048650195,274.88200469885106,1853392,274.88200469885106
2010-02-15,272.4010299016985,276.34261256112785,265.96437761140123,272.4010299016985,7015877,272.4010299016985
2010-02-16,279.9694671785687,280.5197605390822,277.1425295046539,279.9694671785687,9670304,279.9694671785687
2010-02-17,279.91278501629466,282.80104980375984,278.17969308076795,279.91278501629466,4662340,279.91278501629466
2010-02-18,275.4717828383014,279.5640824830457,269.8039633860693,275.4717828383014,1154692,275.4717828383014
2010-02-19,278.870601539326,279.615326222168,278.81261400164925,278.870601539326,9362101,278.870601539326
2010-02-22,273.76374049353274,276.1992270362138,271.77073241072094,273.76374049353274,5457335,273.76374049353274
2010-02-23,274.62142967885416,274.8473991465992,274.1191568574603,274.62142967885416,2657888,274.62142967885416
2010-02-24,266.54891851207213,269.3889449287672,262.88420028595516,266.54891851207213,3585917,266.54891851207213
2010-02-25,261.2385201883217,262.589876880469,259.5510129258301,261.2385201883217,9110129,261.2385201883217
2010-02-26,262.0099362574351,265.7025665871111,259.91597379023625,262.0099362574351,7147560,262.0099362574351
2010-03-01,264.9122199807277,271.0022820351027,263.6333733993021,264.9122199807277,8946258,264.9122199807277
2010-03-02,265.5931832577924,266.55685774055087,263.0612074602109,265.5931832577924,8557845,265.5931832577924
2010-03-03,265.13245232592556,266.31362408608925,264.80721350885256,265.13245232592556,2824964,265.13245232592556
2010-03-04,263.93496690768575,267.77095674640776,259.6468723559678,263.93496690768575,8724922,263.93496690768575
2010-03-05,258.08146211868706,262.15804500760845,257.24765440682677,258.08146211868706,9152513,258.08146211868706
2010-03-08,255.2947854316844,256.6296198161134,254.65054009990175,255.2947854316844,7789408,255.2947854316844
2010-03-09,253.530805288779,254.5961083098794,252.790973828774,253.530805288779,5764812,253.530805288779
2010-03-10,257.55100102830824,258.2767401091722,253.52498745252748,257.55100102830824,2568146,257.55100102830824
2010-03-11,258.87848954505813,262.35898272070443,256.59230829295484,258.87848954505813,1483455,258.87848954505813
2010-03-12,252.0322919586443,254.3475915144911,251.83611708701656,252.0322919586443,5036405,252.0322919586443
2010-03-15,253.25748634254865,255.8005480077657,252.80040745003583,253.25748634254865,9935827,253.25748634254865
2010-03-16,251.79461178694925,253.72788468531283,243.7545389825546,251.79461178694925,3186268,251.79461178694925
2010-03-17,249.237932102793,249.32437999886798,248.4933265318854,249.237932102793,5445975,249.237932102793
2010-03-18,251.52472610299816,252.11383406750355,249.6337857233794,251.52472610299816,3871656,251.52472610299816
2010-03-19,255.4145541906199,259.3747581120643,254.32557483701368,255.4145541906199,5708569,255.4145541906199
2010-03-22,258.98249163737967,261.5680538074474,256.00821832459934,258.98249163737967,4855933,258.98249163737967
2010-03-23,255.7223519595304,258.2394843477792,255.432694201629,255.7223519595304,3326729,255.7223519595304
2010-03-24,254.53626421941541,255.0809434293533,250.87532518431584,254.53626421941541,7695233,254.53626421941541
2010-03-25,255.80104256394492,255.92757124892665,253.4496453657521,255.80104256394492,9274437,255.80104256394492
2010-03-26,259.544224472736,261.2956794902707,257.81009508756335,259.544224472736,4907129,259.544224472736
2010-03-29,257.67872088350293,260.57173662774204,252.85163113540648,257.67872088350293,1095556,257.67872088350293
2010-03-30,256.9611153690938,257.94375971816845,254.18581181291114,256.9611153690938,6399869,256.9611153690938
2010-03-31,252.6968393357074,253.1174588048663,251.56647104372118,252.6968393357074,4469992,252.6968393357074
2010-04-01,248.16267483924307,249.38475506828533,244.98367037083287,248.16267483924307,7139353,248.16267483924307
2010-04-02,251.18725356116255,251.91360833595468,251.01680916787885,251.18725356116255,1652755,251.18725356116255
2010-04-05,256.2973066803588,262.5901748098695,254.11167071894144,256.2973066803588,4666344,256.2973066803588
2010-04-06,256.02046667713734,257.65321156100424,254.77945145616278,256.02046667713734,6650352,256.02046667713734
2010-04-07,259.87434108979994,261.25426592781787,257.67487730937273,259.87434108979994,1743088,259.87434108979994
2010-04-08,261.2840399456538,262.912206687635,259.60254694471126,261.2840399456538,1059778,261.2840399456538
2010-04-09,258.75564750967413,260.19297592612537,256.09056572704606,258.75564750967413,6003361,258.75564750967413
2010-04-12,260.15834481833133,261.8165606188171,259.28739885546287,260.15834481833133,9075042,260.15834481833133
2010-04-13,266.1603405293592,269.3250309775054,265.0859884050528,266.1603405293592,8706113,266.1603405293592
2010-04-14,266.01730846781936,269.796095634993,263.4765170896658,266.01730846781936,3173513,266.01730846781936
2010-04-15,272.26064287828274,273.814560406849,271.10734933907156,272.26064287828274,9910762,272.26064287828274
2010-04-16,261.5618405850321,263.7389651422556,256.1670624437348,261.5618405850321,7913462,261.5618405850321
2010-04-19,264.78651556241954,266.0347603879943,261.9598323562837,264.78651556241954,2011930,264.78651556241954
2010-04-20,265.1322489107502,266.5963702870558,265.06803532059973,265.1322489107502,6862044,265.1322489107502
2010-04-21,263.9431015417023,265.6136814121304,260.2156428071293,263.9431015417023,9280083,263.9431015417023
2010-04-22,264.3063959010821,264.8427344239478,264.0958986102351,264.3063959010821,2785818,264.3063959010821
2010-04-23,256.4264882547343,260.3132576597495,255.26648714375625,256.4264882547343,3951720,256.4264882547343
2010-04-26,255.58154289323738,259.53668056314984,252.8662611224017,255.58154289323738,3082963,255.58154289323738
2010-04-27,256.9506136234405,261.56513232438584,255.8500759089727,256.9506136234405,6962859,256.9506136234405
2010-04-28,262.6468003484419,264.2562702368962,262.15527192437185,262.6468003484419,5256146,262.6468003484419
2010-04-29,260.60497013025997,261.6153396647257,258.03610876945345,260.60497013025997,1289134,260.60497013025997
2010-04-30,257.4445083617727,258.18045311150087,254.38764817896555,257.4445083617727,8632285,257.4445083617727
2010-05-03,255.50688943073254,256.36144957131825,248.8903759191816,255.50688943073254,5324660,255.50688943073254
2010-05-04,259.015262645818,260.7209928233205,257.51392425983653,259.015262645818,3866069,259.015262645818
2010-05-05,260.2925359710221,265.5249483431816,259.4445124764902,260.2925359710221,1737090,260.2925359710221
2010-05-06,258.2241465675964,258.6810670356679,257.72219936378696,258.2241465675964,4835598,258.2241465675964
2010-05-07,260.212217240746,262.28948420093127,259.29323539967635,260.212217240746,5982042,260.212217240746
2010-05-10,260.59112870614825,264.18551225089226,259.70906983798346,260.59112870614825,2052425,260.59112870614825
2010-05-11,264.37743307712606,266.30984715431407,263.59645841172687,264.37743307712606,7303816,264.37743307712606
2010-05-12,261.59332815447885,261.67998610533624,261.15264548001363,261.59332815447885,1777567,261.59332815447885
2010-05-13,260.30761468289757,264.9789854515251,256.87780796683586,260.30761468289757,3716207,260.30761468289757
2010-05-14,258.7765836123043,260.1160404483414,256.17188714927,258.7765836123043,7552901,258.7765836123043
2010-05-17,253.09573263715677,253.6621303929109,250.21074864169333,253.09573263715677,2749736,253.09573263715677
2010-05-18,254.2199343142424,254.26168458985106,250.871565255208,254.2199343142424,7721635,254.2199343142424
2010-05-19,255.2154161264318,258.2483789644808,254.91408704395715,255.2154161264318,1051707,255.2154161264318
2010-05-20,255.2349916209045,261.684607386349,249.8192754472122,255.2349916209045,9669441,255.2349916209045
2010-05-21,254.33686894558383,255.68706396083923,252.79095353484502,254.33686894558383,7104128,254.33686894558383
2010-05-24,248.9371545016295,250.155551122843,245.70845318337894,248.9371545016295,2877145,248.9371545016295
2010-05-25,247.3664407560751,249.94934435344825,247.30987284429645,247.3664407560751,7687666,247.3664407560751
2010-05-26,246.0947997038451,247.77289919943854,243.63556887684288,246.0947997038451,1778799,246.0947997038451
2010-05-27,243.13325574570447,247.62321539086093,241.9059800455345,243.13325574570447,8079701,243.13325574570447
2010-05-28,242.54504694296517,243.96133583417722,240.50616470506773,242.54504694296517,1879459,242.54504694296517
2010-05-31,244.01505495346657,244.8917817462441,242.68094273657096,244.01505495346657,9249953,244.01505495346657
2010-06-01,250.91892129851166,252.40098602828238,250.31939545263916,250.91892129851166,2822744,250.91892129851166
2010-06-02,251.5759944456879,254.3652265039943,250.65315228379555,251.5759944456879,9167707,251.5759944456879
2010-06-03,252.54789688067726,254.62000737357192,251.55851991440844,252.54789688067726,4843139,252.54789688067726
2010-06-04,252.26587948880572,253.5455587847969,249.93895332438626,252.26587948880572,5447395,252.26587948880572
2010-06-07,245.00527186632746,247.6186810894847,241.04751626668028,245.00527186632746,3361216,245.00527186632746
2010-06-08,244.9078312773875,247.7715277491701,244.1184432064789,244.9078312773875,8446153,244.9078312773875
2010-06-09,245.12909402879808,248.51716784156596,242.1454843738042,245.12909402879808,3567587,245.12909402879808
2010-06-10,254.1862786399046,255.83521016233783,250.3193019811714,254.1862786399046,1264237,254.1862786399046
2010-06-11,253.45284587300517,253.8764114035366,250.9225984909888,253.45284587300517,5469353,253.45284587300517
2010-06-14,254.5992663542036,254.97279832350407,253.50036420458773,254.5992663542036,5840351,254.5992663542036
2010-06-15,254.46670248769144,257.5368660699836,253.4393438398613,254.46670248769144,3514719,254.46670248769144
2010-06-16,250.005857790149,252.04824482199436,249.94536735684386,250.005857790149,2908911,250.005857790149
2010-06-17,254.29154376082369,255.22904880939066,251.99350634817773,254.29154376082369,5002981,254.29154376082369
2010-06-18,257.15969693612385,258.17120583383706,256.3255755902644,257.15969693612385,2419920,257.15969693612385
2010-06-21,260.2110199726496,260.28581716959764,257.1430285061893,260.2110199726496,9360777,260.2110199726496
2010-06-22,256.6615304152125,259.94282453140215,253.613214320361,256.6615304152125,3179441,256.6615304152125
2010-06-23,262.0621804357517,262.5629788201971,260.84459421576986,262.0621804357517,3737946,262.0621804357517
2010-06-24,256.5515982433289,256.6707319497925,256.03551993116633,256.5515982433289,3088062,256.5515982433289
2010-06-25,258.80998512365227,262.32942859982546,258.07680782544656,258.80998512365227,2834907,258.80998512365227
2010-06-28,267.3136619426008,269.3084996773254,266.6215735764409,267.3136619426008,9352110,267.3136619426008
2010-06-29,263.341903557233,265.04173388701076,261.7968929323757,263.341903557233,4861774,263.341903557233
2010-06-30,261.10495472582704,266.75331999171806,259.8649577482115,261.10495472582704,4633795,261.10495472582704
2010-07-01,261.4952467033707,262.30007215816033,259.2168456858651,261.4952467033707,4477084,261.4952467033707
2010-07-02,259.52039934763684,260.0891391531619,256.0273075063224,259.52039934763684,5327802,259.52039934763684
2010-07-05,253.48396745437594,254.11611511002982,253.16361548208954,253.48396745437594,4399752,253.48396745437594
2010-07-06,253.74466167749057,257.7473651653469,248.82473284866336,253.74466167749057,4800986,253.74466167749057
2010-07-07,249.701353230918,249.93930746485685,247.2035123765851,249.701353230918,6332889,249.701353230918
2010-07-08,251.47520329306084,252.17687324222317,249.77084275062498,251.47520329306084,1723858,251.47520329306084
2010-07-09,248.00701734981314,249.51464335213473,246.73248981994752,248.00701734981314,1044816,248.00701734981314
2010-07-12,253.77293648295702,254.246499934536,253.3172065215405,253.77293648295702,1004138,253.77293648295702
2010-07-13,250.79140916286536,251.91102631577334,249.91205899594803,250.79140916286536,5163960,250.79140916286536
2010-07-14,249.5798552405701,250.06426476388216,248.35894270929208,249.5798552405701,8081905,249.5798552405701
2010-07-15,252.62541788077263,255.33768457535652,251.0219501184395,252.62541788077263,4864044,252.62541788077263
2010-07-16,247.96120369636773,250.5065633889148,245.2095786108364,247.96120369636773,7647463,247.96120369636773
2010-07-19,248.8072222840248,249.13806043674973,247.78756386731925,248.8072222840248,8088166,248.8072222840248
2010-07-20,253.68562065135032,255.46172648603806,253.07358467286238,253.68562065135032,1221552,253.68562065135032
2010-07-21,247.56868992065574,250.52725120382595,245.9036080198373,247.56868992065574,9432372,247.56868992065574
2010-07-22,248.25433335773332,252.03571085399656,243.5377941256752,248.25433335773332,2897951,248.25433335773332
2010-07-23,249.22208880529263,250.61504550785205,248.89153621209726,249.22208880529263,6862835,249.22208880529263
2010-07-26,252.14480174299402,253.09592187752648,249.68757675980484,252.14480174299402,9705070,252.14480174299402
2010-07-27,247.46644136659089,251.34058797047595,244.72678823124897,247.46644136659089,3157280,247.46644136659089
2010-07-28,242.56491088130667,242.7243979434826,242.27290841824475,242.56491088130667,1808301,242.56491088130667
2010-07-29,244.4639815215434,245.82124438988637,239.15258704405142,244.4639815215434,6476420,244.4639815215434
2010-07-30,245.55301235658527,250.1722502077555,243.47214290097972,245.55301235658527,7296495,245.55301235658527
2010-08-02,246.47565146622853,250.044653160601,245.15619783241627,246.47565146622853,5346657,246.47565146622853
2010-08-03,247.75651718825463,253.20420224610442,247.53221508112162,247.75651718825463,1112935,247.75651718825463
2010-08-04,245.22930883895165,246.30835323360895,244.41519576881598,245.22930883895165,9200252,245.22930883895165
2010-08-05,246.08364004340294,247.3191133536815,245.61485149713158,246.08364004340294,3150205,246.08364004340294
2010-08-06,247.16544515879085,249.68957979735964,245.41192541677202,247.16544515879085,6424441,247.16544515879085
2010-08-09,244.51700036524633,246.24905230207656,243.45216215492945,244.51700036524633,5280650,244.51700036524633
2010-08-10,251.36020416759206,251.97302213948936,250.0704603857009,251.36020416759206,5523535,251.36020416759206
2010-08-11,253.14674526371775,254.57469195815594,252.48971129697392,253.14674526371775,5752989,253.14674526371775
2010-08-12,248.62312621964574,251.80625904074893,246.78627250522482,248.62312621964574,5310518,248.62312621964574
2010-08-13,251.07164238028574,253.26213532346586,249.52662913149993,251.07164238028574,2730085,251.07164238028574
2010-08-16,247.40091846415672,249.00952215029122,245.0866345236292,247.40091846415672,3026110,247.40091846415672
2010-08-17,250.3218002722799,250.57005907992803,247.60335028843554,250.3218002722799,6641379,250.3218002722799
2010-08-18,254.67212623914946,259.3749959409028,253.3071767376129,254.67212623914946,9825150,254.67212623914946
2010-08-19,251.5370525744269,254.22871225569165,249.50448780553268,251.5370525744269,6519948,251.5370525744269
2010-08-20,255.17192445548702,259.06463639218856,254.23471034959996,255.17192445548702,7928887,255.17192445548702
2010-08-23,256.7518760080606,258.5283629577319,252.0323049334152,256.7518760080606,5566701,256.7518760080606
2010-08-24,259.9178583321117,260.0363445295218,259.33703033662994,259.9178583321117,9127333,259.9178583321117
2010-08-25,267.31301387837357,267.9634918943131,266.37924462268666,267.31301387837357,3980672,267.31301387837357
2010-08-26,266.32908232549363,266.9715641046206,266.27736226734163,266.32908232549363,9236781,266.32908232549363
2010-08-27,263.3179544109606,264.2449794794555,262.5196276086138,263.3179544109606,9815282,263.3179544109606
2010-08-30,259.8045776105402,263.0561343251876,257.72629193106997,259.8045776105402,6202413,259.8045776105402
2010-08-31,256.6253089131035,260.33037428828453,252.47744682120782,256.6253089131035,1082409,256.6253089131035
2010-09-01,256.3285151631616,256.5390920589243,253.6276266636285,256.3285151631616,8363280,256.3285151631616
2010-09-02,257.64021985040756,260.5188232872907,254.88913005568185,257.64021985040756,7766886,257.64021985040756
2010-09-03,258.70952002595715,259.5961831245782,256.2509838159921,258.70952002595715,9212411,258.70952002595715
2010-09-06,261.91952274593143,263.1158485976657,257.43909236443676,261.91952274593143,6417755,261.91952274593143
2010-09-07,261.9706044856633,263.4632272738491,261.6969782364801,261.9706044856633,6131104,261.9706044856633
2010-09-08,267.68235249816445,268.8807893039545,267.2304465380015,267.68235249816445,4499701,267.68235249816445
2010-09-09,266.6196930422767,268.3333184917484,266.4329201800149,266.6196930422767,2927716,266.6196930422767
2010-09-10,277.49845306556455,281.18683077556386,274.27425874932237,277.49845306556455,6241684,277.49845306556455
2010-09-13,280.10277888264096,280.65324014006745,277.5052369837179,280.10277888264096,6081857,280.10277888264096
2010-09-14,276.5013956802541,278.4618009654118,275.8423021161236,276.5013956802541,6759420,276.5013956802541
2010-09-15,272.05984662519296,272.3039814174389,269.40672544931437,272.05984662519296,6306490,272.05984662519296
2010-09-16,274.02876719457214,277.97510264622514,272.6556250182021,274.02876719457214,7922981,274.02876719457214
2010-09-17,273.11023872092153,274.95753535176556,272.5924719152577,273.11023872092153,8817209,273.11023872092153
2010-09-20,276.03525140174673,281.0064818533278,273.2720113034817,276.03525140174673,5893091,276.03525140174673
2010-09-21,277.9947054018256,278.10634237841475,270.4798627525754,277.9947054018256,4800315,277.9947054018256
2010-09-22,277.69101462004386,281.66414851804643,275.8086157673796,277.69101462004386,7469723,277.69101462004386
2010-09-23,274.1638095188795,274.51502546296075,272.37057070888073,274.1638095188795,7102545,274.1638095188795
2010-09-24,267.93406522949476,269.75883462168,263.0291760895188,267.93406522949476,3252641,267.93406522949476
2010-09-27,266.1395167350987,268.3768014138421,264.77900460718564,266.1395167350987,1344126,266.1395167350987
2010-09-28,269.55834015390525,271.31754251995915,265.8555289801817,269.55834015390525,6107385,269.55834015390525
2010-09-29,270.4240014684813,271.6305885624702,270.0523076952661,270.4240014684813,9074444,270.4240014684813
2010-09-30,265.370836488625,270.3851265321285,262.84218533202534,265.370836488625,2137411,265.370836488625
2010-10-01,266.06019399598006,267.2636010664302,261.7705633350205,266.06019399598006,2670357,266.06019399598006
2010-10-04,267.59795824799016,274.08420983644436,264.0792740174915,267.59795824799016,6939334,267.59795824799016
2010-10-05,264.05018156834427,268.23247984962444,259.71985225088264,264.05018156834427,7393404,264.05018156834427
2010-10-06,264.65904870039225,266.6715548955221,262.6949411423773,264.65904870039225,4330922,264.65904870039225
2010-10-07,264.89013066114205,266.97163772812775,264.6903143964932,264.89013066114205,5155479,264.89013066114205
2010-10-08,260.3487073881297,261.4563806507219,256.17801010405566,260.3487073881297,6709635,260.3487073881297
2010-10-11,261.745949539927,264.2769704275851,261.10189094390967,261.745949539927,9686594,261.745949539927
2010-10-12,263.94769571505026,264.07362874018145,261.7219657575175,263.94769571505026,2315823,263.94769571505026
2010-10-13,268.2357289147118,268.24539221170085,262.4124848921107,268.2357289147118,4433372,268.2357289147118
2010-10-14,272.4757393381028,275.6320020892117,271.99649317028695,272.4757393381028,1770692,272.4757393381028
2010-10-15,266.8450171441393,270.85676060023457,266.51625125635286,266.8450171441393,6867504,266.8450171441393
2010-10-18,263.091208061324,265.399471110674,261.64029852321755,263.091208061324,9817353,263.091208061324
2010-10-19,265.12372682098567,265.70955527358205,265.0081263901779,265.12372682098567,5832091,265.12372682098567
2010-10-20,267.1669795123973,267.23880959635557,262.638362846485,267.1669795123973,1673812,267.1669795123973
2010-10-21,269.2310355322258,269.7920667239341,267.55467020789337,269.2310355322258,3932977,269.2310355322258
2010-10-22,284.7901588650746,290.6048188404638,284.2359359841412,284.7901588650746,8797698,284.7901588650746
2010-10-25,287.22891885359763,287.9388837770622,285.09632861749117,287.22891885359763,7982252,287.22891885359763
2010-10-26,292.12142822034315,294.11365034583207,288.26535960773515,292.12142822034315,7616659,292.12142822034315
2010-10-27,296.3016935854886,299.2695106380984,294.48901140830367,296.3016935854886,4817042,296.3016935854886
2010-10-28,299.1968185497188,300.0378616829675,299.0860056312572,299.1968185497188,5539170,299.1968185497188
2010-10-29,297.7819052249743,303.1350904145995,296.5035208816336,297.7819052249743,5969411,297.7819052249743
2010-11-01,301.1720147322583,303.1020540888039,299.08663651674334,301.1720147322583,1536644,301.1720147322583
2010-11-02,297.6807148287857,299.381004528523,293.49437895016536,297.6807148287857,1652416,297.6807148287857
2010-11-03,296.62326984669886,298.3216836153367,296.3767593797428,296.62326984669886,6210307,296.62326984669886
2010-11-04,294.46371800737694,298.58431205408647,290.03286244839074,294.46371800737694,9161562,294.46371800737694
2010-11-05,294.8253524597622,297.5514069743715,292.5845147859229,294.8253524597622,2707542,294.8253524597622
2010-11-08,305.06165287591506,305.2435622680096,304.8101608029862,305.06165287591506,5191896,305.06165287591506
2010-11-09,296.5171877857695,298.43546652577396,292.1952970690268,296.5171877857695,7086932,296.5171877857695
2010-11-10,299.56950691185716,301.66117104959307,298.64321080441215,299.56950691185716,2474620,299.56950691185716
2010-11-11,292.32269943703903,293.4729465375941,290.123975528228,292.32269943703903,2849395,292.32269943703903
2010-11-12,290.25335348267015,292.8516818239502,289.32693876271657,290.25335348267015,7623063,290.25335348267015
2010-11-15,294.99442692087115,296.86814833720587,291.0401728094669,294.99442692087115,1989336,294.99442692087115
2010-11-16,295.27886063180404,298.3779679313291,289.74187272855283,295.27886063180404,6224237,295.27886063180404
2010-11-17,290.5053318806214,292.06021870830733,290.1711749876449,290.5053318806214,4138102,290.5053318806214
2010-11-18,287.3883387588113,291.174375678945,286.9281357778243,287.3883387588113,6160324,287.3883387588113
2010-11-19,290.3179657801698,290.8916329329024,288.3689449267518,290.3179657801698,8421289,290.3179657801698
2010-11-22,287.1373874582623,293.096237310862,286.5252202297915,287.1373874582623,9450361,287.1373874582623
2010-11-23,288.06968776684437,290.0550289625421,285.9034920608019,288.06968776684437,6647183,288.06968776684437
2010-11-24,288.26660575222513,293.27080968469687,287.3468798013601,288.26660575222513,6666912,288.26660575222513
2010-11-25,285.44908644455563,286.01402096792503,283.1768379084476,285.44908644455563,5318420,285.44908644455563
2010-11-26,294.6288896698474,296.54815530100615,291.45866178462603,294.6288896698474,6217084,294.6288896698474
2010-11-29,297.4304525351397,298.86967636112087,297.36706520205206,297.4304525351397,4205228,297.4304525351397
2010-11-30,288.39536639517337,289.31923318837744,282.9124205511251,288.39536639517337,6299238,288.39536639517337
2010-12-01,289.2019548015317,290.4286510101285,289.02652254218134,289.2019548015317,9882600,289.2019548015317
2010-12-02,286.33110571244856,287.82814634639766,284.302716783812,286.33110571244856,7514948,286.33110571244856
2010-12-03,289.99227840192384,291.65596411453726,285.60262354628804,289.99227840192384,5980137,289.99227840192384
2010-12-06,286.54490498264073,286.6146918258939,281.37810011060884,286.54490498264073,7717526,286.54490498264073
2010-12-07,286.05174784186806,292.17974964617554,281.52029928870957,286.05174784186806,9464848,286.05174784186806
2010-12-08,288.21853524872205,293.19763486937563,287.44862672791777,288.21853524872205,5429899,288.21853524872205
2010-12-09,291.9614356579373,293.23533250803297,290.476154776564,291.9614356579373,4891151,291.9614356579373
2010-12-10,286.7048317246512,286.8137895327829,282.17148158314416,286.7048317246512,2948061,286.7048317246512
2010-12-13,285.2662849166492,285.60869382311455,282.7130423695037,285.2662849166492,8347000,285.2662849166492
2010-12-14,283.2339966498472,284.9716881241767,281.8658035269054,283.2339966498472,7581118,283.2339966498472
2010-12-15,280.4583209047967,283.3268277594913,280.0466276881765,280.4583209047967,6032661,280.4583209047967
2010-12-16,287.88536588274906,288.6263152692066,283.2440186282588,287.88536588274906,1898332,287.88536588274906
2010-12-17,289.6341905032863,294.4669804785284,287.03663721066397,289.6341905032863,8603876,289.6341905032863
2010-12-20,284.1562639518001,285.290681461827,283.39321729514535,284.1562639518001,5025942,284.1562639518001
2010-12-21,288.06850727727925,289.93287495994014,285.50126313655426,288.06850727727925,9551795,288.06850727727925
2010-12-22,297.2384027955191,298.6746185185819,290.8423810654999,297.2384027955191,5703855,297.2384027955191
2010-12-23,301.84172767034033,306.59267650995747,299.6710228669404,301.84172767034033,2562518,301.84172767034033
2010-12-24,294.9625888379305,298.5781389706087,294.33983361966466,294.9625888379305,6248400,294.9625888379305
2010-12-27,292.8201248018881,297.10810915368603,289.9294644784653,292.8201248018881,9556135,292.8201248018881
2010-12-28,298.38478101415404,299.0545110814465,297.99313020032986,298.38478101415404,3744804,298.38478101415404
2010-12-29,295.2174140362181,298.3086305676068,294.9905338947091,295.2174140362181,9299141,295.2174140362181
2010-12-30,297.1827623943635,302.18710522456166,296.5145291762173,297.1827623943635,2587819,297.1827623943635
2010-12-31,300.6358807120066,302.0154514571314,298.68173972849723,300.6358807120066,6182101,300.6358807120066
2011-01-03,296.45585233178156,299.65366479046986,295.9558656865052,296.45585233178156,7541600,296.45585233178156
2011-01-04,296.1911527292817,296.3052114089943,294.88216362494285,296.1911527292817,7356381,296.1911527292817
2011-01-05,281.79063208289926,282.2770796425502,278.71798963034695,281.79063208289926,1594557,281.79063208289926
2011-01-06,277.46068946865677,279.91249842376556,273.54590675987623,277.46068946865677,8239914,277.46068946865677
2011-01-07,276.4095234673062,278.2126060269969,276.13701648066393,276.4095234673062,9354207,276.4095234673062
2011-01-10,271.23603614654485,275.5117797472739,271.18490917644067,271.23603614654485,1990121,271.23603614654485
2011-01-11,277.87756771813326,281.98054212832835,275.90959870455896,277.87756771813326,2725049,277.87756771813326
2011-01-12,271.9165046041219,275.6692007746633,271.2823514518172,271.9165046041219,8845870,271.9165046041219
2011-01-13,270.1216742237275,271.8114546663642,267.54704559056137,270.1216742237275,1483442,270.1216742237275
2011-01-14,270.6514121781099,271.7226600308091,269.8743065702866,270.6514121781099,6272225,270.6514121781099
2011-01-17,276.5026519434149,277.86865850988767,274.80924636104146,276.5026519434149,5109545,276.5026519434149
2011-01-18,270.5473565540205,271.2526025366869,269.5693183227258,270.5473565540205,7622766,270.5473565540205
2011-01-19,275.2677197297952,276.78253217834106,272.11941067895157,275.2677197297952,2751797,275.2677197297952
2011-01-20,275.30997220038597,277.1590183079475,275.0110965045918,275.30997220038597,9486014,275.30997220038597
2011-01-21,271.2566854088692,271.32600253482764,271.16654683768536,271.2566854088692,4452814,271.2566854088692
2011-01-24,273.1369152600379,276.3400711276022,272.5684712959475,273.1369152600379,7870679,273.1369152600379
2011-01-25,273.952473528061,275.44167959767475,273.6003418360626,273.952473528061,9038762,273.952473528061
2011-01-26,271.4860100557969,272.49217611867243,266.3770531669023,271.4860100557969,3891912,271.4860100557969
2011-01-27,271.77026439900965,273.8675120253024,270.2789932664188,271.77026439900965,8355566,271.77026439900965
2011-01-28,270.19951272757487,277.89626100835466,269.9486462570992,270.19951272757487,2609184,270.19951272757487
2011-01-31,270.6595976981701,273.7688423212918,270.22693103069514,270.6595976981701,8913490,270.6595976981701
2011-02-01,273.3477780280123,278.10324698634946,270.538650864945,273.3477780280123,5798793,273.3477780280123
2011-02-02,279.8507906171382,280.8650844571751,276.30869721757523,279.8507906171382,8337895,279.8507906171382
2011-02-03,274.6547359273656,277.7299623197093,272.2757456853328,274.6547359273656,3328476,274.6547359273656
2011-02-04,283.44245170097275,287.11212861747447,280.6945984436082,283.44245170097275,1484273,283.44245170097275
2011-02-07,275.14288342348954,278.33681571783507,273.9674885384132,275.14288342348954,8738866,275.14288342348954
2011-02-08,274.51644459285757,275.80036130201705,272.74244435788626,274.51644459285757,6113728,274.51644459285757
2011-02-09,276.9389858101118,277.8985901459695,272.0224578291425,276.9389858101118,6386159,276.9389858101118
2011-02-10,278.10624985318316,278.23673891551346,274.78667122351885,278.10624985318316,6646895,278.10624985318316
2011-02-11,275.5086004295429,276.82288893610286,272.9762516300403,275.5086004295429,1726448,275.5086004295429
2011-02-14,274.6485083808302,274.8594985587372,271.90042396920285,274.6485083808302,1070463,274.6485083808302
2011-02-15,272.61747881081413,276.1151398657358,270.7892509044336,272.61747881081413,6450652,272.61747881081413
2011-02-16,270.20741179874295,272.8993985861807,266.44486735124354,270.20741179874295,7852902,270.20741179874295
2011-02-17,273.65094355416545,275.0021131028472,272.9666889076411,273.65094355416545,3866457,273.65094355416545
2011-02-18,275.1164079231322,279.3988201291066,274.32216438035454,275.1164079231322,3430992,275.1164079231322
2011-02-21,272.25694594017847,273.42251920253113,271.5482016523246,272.25694594017847,5314380,272.25694594017847
2011-02-22,275.9307806599828,280.0718388661112,275.5601815011485,275.9307806599828,6301572,275.9307806599828
2011-02-23,277.2026816103616,279.55951907913453,274.955099334444,277.2026816103616,5911408,277.2026816103616
2011-02-24,280.5825949971862,281.5608522034209,278.35620375405085,280.5825949971862,6116934,280.5825949971862
2011-02-25,283.23253841246617,284.22174987400837,278.2801269197101,283.23253841246617,6595956,283.23253841246617
2011-02-28,279.71056299334526,280.61021020588936,276.062185556642,279.71056299334526,9425021,279.71056299334526
2011-03-01,277.3602346813699,283.12030776231484,272.7491430017952,277.3602346813699,8903402,277.3602346813699
2011-03-02,280.469277626763,281.5404892306374,277.5733027462834,280.469277626763,6890298,280.469277626763
2011-03-03,283.03712923822775,284.25430677096614,279.8481353639713,283.03712923822775,7866684,283.03712923822775
2011-03-04,282.948390330946,285.86356077997516,279.8615183776011,282.948390330946,9027522,282.948390330946
2011-03-07,283.44635424468044,284.1231934102726,282.2819161227569,283.44635424468044,9953038,283.44635424468044
2011-03-08,288.87859609454506,289.6269134086851,285.684451971271,288.87859609454506,5860319,288.87859609454506
2011-03-09,286.31521141009614,286.8773908956072,285.6998598078602,286.31521141009614,4641141,286.31521141009614
2011-03-10,288.66484594537025,288.8715336105528,287.77565925346653,288.66484594537025,4381915,288.66484594537025
2011-03-11,287.7893572823785,287.89647891759626,285.54557724757615,287.7893572823785,9430664,287.7893572823785
2011-03-14,286.84966227884024,288.936865167404,283.09104606578603,286.84966227884024,3148983,286.84966227884024
2011-03-15,291.57741881252525,291.7288812855415,287.50791998223957,291.57741881252525,1773952,291.57741881252525
2011-03-16,295.18751033977907,297.3501723434632,293.5280605381963,295.18751033977907,1908380,295.18751033977907
2011-03-17,298.7895786011058,299.0307513306734,298.1644454462032,298.7895786011058,5620792,298.7895786011058
2011-03-18,304.64053054104056,304.8800852020115,299.5120955009281,304.64053054104056,2337768,304.64053054104056
2011-03-21,304.73650986291665,310.8257568890167,302.2807295482462,304.73650986291665,4090930,304.73650986291665
2011-03-22,307.85374938836276,310.67469849161756,304.8834174598374,307.85374938836276,7859698,307.85374938836276
2011-03-23,306.42099762344486,307.4827110679418,301.47051261809537,306.42099762344486,2514101,306.42099762344486
2011-03-24,307.9109682803268,310.9839508731312,304.11027271696406,307.9109682803268,2406150,307.9109682803268
2011-03-25,307.30988117204714,316.2103601332132,305.48917996125755,307.30988117204714,9913613,307.30988117204714
2011-03-28,307.75699844918836,314.18411775699366,307.6757328841538,307.75699844918836,2229458,307.75699844918836
2011-03-29,310.50445454550453,310.9378865590098,309.63454166746334,310.50445454550453,7296450,310.50445454550453
2011-03-30,306.6935370413256,310.0922621188621,304.21053537006685,306.6935370413256,8082122,306.6935370413256
2011-03-31,316.31936185792915,319.6087856505354,314.9779746681923,316.31936185792915,7360756,316.31936185792915
2011-04-01,311.5460202159196,313.45509293006376,310.06979258790307,311.5460202159196,5755997,311.5460202159196
2011-04-04,305.87188576433704,309.0939878123513,305.82768033086586,305.87188576433704,2493551,305.87188576433704
2011-04-05,311.18538911636176,313.12646698389005,309.48543235353003,311.18538911636176,4973313,311.18538911636176
2011-04-06,314.8806970684082,320.90761233757183,314.86047458045994,314.8806970684082,3436831,314.8806970684082
2011-04-07,317.82854631412204,318.434589416545,316.44158738194153,317.82854631412204,9743662,317.82854631412204
2011-04-08,320.82413841100913,321.52171555301027,320.4724837019501,320.82413841100913,4839847,320.82413841100913
2011-04-11,320.76520250580523,323.55607702408673,320.48176488077013,320.76520250580523,2166670,320.76520250580523
2011-04-12,316.44808280327214,318.0166586345645,315.27718999304955,316.44808280327214,1680667,316.44808280327214
2011-04-13,316.8079059098945,317.28444489337244,315.9880195231816,316.8079059098945,6319728,316.8079059098945
2011-04-14,313.5899531530968,314.73443418975774,308.57675624002775,313.5899531530968,6410897,313.5899531530968
2011-04-15,318.1767694259138,325.82387949090383,316.39205404737265,318.1767694259138,3014017,318.1767694259138
2011-04-18,317.47491578741506,317.65784101477516,316.5368398965836,317.47491578741506,8084364,317.47491578741506
2011-04-19,313.5437959918983,314.17432957667194,311.3585386956626,313.5437959918983,5022261,313.5437959918983
2011-04-20,312.03226794034936,315.31064868042694,310.9906434156368,312.03226794034936,5637203,312.03226794034936
2011-04-21,313.9649870130723,317.43595136490995,310.2817863970262,313.9649870130723,5675519,313.9649870130723
2011-04-22,311.31014043457157,315.0054861458125,310.15940680693427,311.31014043457157,5894940,311.31014043457157
2011-04-25,307.4706572323922,309.4345652440073,307.140734624998,307.4706572323922,2999482,307.4706572323922
2011-04-26,308.59455723854046,312.12180818819587,307.21292717365424,308.59455723854046,4649244,308.59455723854046
2011-04-27,309.72848749678354,314.78769027607524,304.8630365505341,309.72848749678354,5614466,309.72848749678354
2011-04-28,307.3732663524658,310.89682563066833,303.9098843790807,307.3732663524658,6846866,307.3732663524658
2011-04-29,305.2014976138403,306.1251455860604,301.5576206139242,305.2014976138403,7182719,305.2014976138403
2011-05-02,306.2638274398815,308.5739015276054,305.82604444679714,306.2638274398815,1350067,306.2638274398815
2011-05-03,299.61138964664053,299.8035554381642,294.42057738084674,299.61138964664053,3059385,299.61138964664053
2011-05-04,293.28600698686654,294.2502211325194,286.7419158842061,293.28600698686654,8449194,293.28600698686654
2011-05-05,290.1253624334578,291.057701219489,288.2742143628921,290.1253624334578,3367322,290.1253624334578
2011-05-06,289.19646594969595,290.4166458600527,287.74804142825224,289.19646594969595,2375645,289.19646594969595
2011-05-09,290.5451664878155,295.2337265811346,285.31228029557974,290.5451664878155,7562877,290.5451664878155
2011-05-10,296.9750307530521,298.3219143844489,295.36342506940326,296.9750307530521,7043995,296.9750307530521
2011-05-11,300.7955831476932,301.5299955226095,298.42596441719803,300.7955831476932,7964705,300.7955831476932
2011-05-12,300.0739510968712,302.966925554772,298.21094917850905,300.0739510968712,7632142,300.0739510968712
2011-05-13,299.98835706726766,303.55663004479266,299.483945188385,299.98835706726766,8656495,299.98835706726766
2011-05-16,295.47715001212686,299.1044505976198,294.08223022767163,295.47715001212686,1245144,295.47715001212686
2011-05-17,295.39509688221455,297.1597873973219,289.5483422897655,295.39509688221455,4822727,295.39509688221455
2011-05-18,294.11607168306904,296.1783334084663,291.9163474180614,294.11607168306904,2244360,294.11607168306904
2011-05-19,295.53982241145684,296.41924106084826,292.3694395782541,295.53982241145684,8225593,295.53982241145684
2011-05-20,291.87262711919607,295.8879387366665,291.1743310116145,291.87262711919607,5970809,291.87262711919607
2011-05-23,294.1463725916476,294.58775565777484,288.04553365402603,294.1463725916476,4049316,294.1463725916476
2011-05-24,300.9091164624942,301.2869874591203,298.14260441105915,300.9091164624942,7622575,300.9091164624942
2011-05-25,300.41821265981696,300.93815194094833,292.81676810882806,300.41821265981696,8503276,300.41821265981696
2011-05-26,302.22843542317884,302.27551973493814,301.36404933814634,302.22843542317884,8267807,302.22843542317884
2011-05-27,305.35715250565215,308.7047068946242,301.9952935139839,305.35715250565215,3960883,305.35715250565215
2011-05-30,303.51941939332164,307.8902534711402,297.5754545705674,303.51941939332164,1906450,303.51941939332164
2011-05-31,304.5396656928642,309.39556608186535,300.7951994683909,304.5396656928642,1282140,304.5396656928642
2011-06-01,304.5971889757296,307.1770094344181,303.0842571040869,304.5971889757296,9213062,304.5971889757296
2011-06-02,305.04346695145097,308.06764454532396,303.62406780200143,305.04346695145097,1558981,305.04346695145097
2011-06-03,301.506443184631,307.99905312404707,301.18700206995595,301.506443184631,9497552,301.506443184631
2011-06-06,301.6172928165707,303.5445119420852,293.6414960005228,301.6172928165707,2797519,301.6172928165707
2011-06-07,303.8703662630616,307.89084406427816,299.3032848213421,303.8703662630616,4877590,303.8703662630616
2011-06-08,310.48475935707626,315.5829661756324,309.69693637969135,310.48475935707626,8683647,310.48475935707626
2011-06-09,314.9523439310062,318.13278652330666,313.4793333241257,314.9523439310062,4715929,314.9523439310062
2011-06-10,325.12459185957204,327.36193786071135,321.59443350214593,325.12459185957204,5391401,325.12459185957204
2011-06-13,321.3823384115958,328.6212692740314,321.06743786172166,321.3823384115958,3928100,321.3823384115958
2011-06-14,325.5875651027056,328.7840714468203,324.5845908518484,325.5875651027056,2953341,325.5875651027056
2011-06-15,326.4829732611465,327.5434924201108,325.2043073734932,326.4829732611465,1973737,326.4829732611465
2011-06-16,337.2069738485398,345.6351442238624,336.29945903415603,337.2069738485398,6433001,337.2069738485398
2011-06-17,333.1185165669662,340.7500704801816,331.97527954985685,333.1185165669662,4902908,333.1185165669662
2011-06-20,328.9226131510241,333.4932312203301,326.8781226482974,328.9226131510241,7671628,328.9226131510241
2011-06-21,325.9653062223798,331.328735286477,324.7605047586656,325.9653062223798,8903498,325.9653062223798
2011-06-22,315.58056141999407,318.80759493024493,314.39050587980057,315.58056141999407,7062133,315.58056141999407
2011-06-23,313.09179044632316,320.730454937788,313.0001709790219,313.09179044632316,6698618,313.09179044632316
2011-06-24,309.5266173834412,313.81131021393526,306.0411921321883,309.5266173834412,8640888,309.5266173834412
2011-06-27,310.2248805834932,311.974266977775,310.0654444658634,310.2248805834932,1295866,310.2248805834932
2011-06-28,311.81519868510566,313.6697331172576,306.28661397161494,311.81519868510566,7236893,311.81519868510566
2011-06-29,320.5904774300652,323.3264464444215,316.5448772661336,320.5904774300652,7822603,320.5904774300652
2011-06-30,325.1609299107399,327.62866917064906,322.2158423387531,325.1609299107399,8250569,325.1609299107399
2011-07-01,322.34713197357854,323.2535444640995,320.2397349311354,322.34713197357854,2805518,322.34713197357854
2011-07-04,318.0031110840966,318.33447383644756,316.1088896375145,318.0031110840966,4623425,318.0031110840966
2011-07-05,320.34958848821134,320.55010531585935,315.9465817127134,320.34958848821134,4599537,320.34958848821134
2011-07-06,314.0055460195483,316.37303664361315,307.2994105427458,314.0055460195483,7521689,314.0055460195483
2011-07-07,322.63186916631406,323.53741641309335,312.5084924224282,322.63186916631406,7689558,322.63186916631406
2011-07-08,328.33974372708485,333.8983937922242,324.87228950658493,328.33974372708485,7298941,328.33974372708485
2011-07-11,326.02900852645917,326.34962423668674,325.3011849080786,326.02900852645917,7010224,326.02900852645917
2011-07-12,317.6510352465801,320.79130513280063,317.4766638853342,317.6510352465801,5091685,317.6510352465801
2011-07-13,324.1019196652609,327.67867382757794,323.1764334269649,324.1019196652609,9595960,324.1019196652609
2011-07-14,323.5450809093928,324.1271195862936,321.8590149268559,323.5450809093928,1184514,323.5450809093928
2011-07-15,329.55242159151913,334.1397988347771,327.42609800353483,329.55242159151913,7736549,329.55242159151913
2011-07-18,321.6707091513964,324.6246646901791,319.8834923255263,321.6707091513964,2258624,321.6707091513964
2011-07-19,318.7786883211788,323.78510954548494,318.4931242004841,318.7786883211788,6929949,318.7786883211788
2011-07-20,318.8037620169505,321.9587337463149,318.1746397091059,318.8037620169505,8296991,318.8037620169505
2011-07-21,319.0284258674603,322.0297533795137,318.54582109186254,319.0284258674603,5783725,319.0284258674603
2011-07-22,316.87467068391055,319.98792437669596,316.25705571240735,316.87467068391055,7671203,316.87467068391055
2011-07-25,319.8351511918822,320.55360696680225,316.2089558883991,319.8351511918822,3750025,319.8351511918822
2011-07-26,314.7132130701753,316.44429970457537,312.8452116380912,314.7132130701753,8785446,314.7132130701753
2011-07-27,314.04108249208036,317.0820819003862,304.80705419430655,314.04108249208036,6735630,314.04108249208036
2011-07-28,314.6077490481085,314.9392685560423,312.5442343790791,314.6077490481085,3926979,314.6077490481085
2011-07-29,317.0354457022008,321.26477937579574,316.41806293933064,317.0354457022008,3514399,317.0354457022008
2011-08-01,320.4195528028492,322.3464523182987,320.3596062891103,320.4195528028492,1955205,320.4195528028492
2011-08-02,315.0141930608999,316.02155154029356,313.7903047910093,315.0141930608999,7666199,315.0141930608999
2011-08-03,307.76517699753634,312.66785698109976,304.30554949521957,307.76517699753634,1966649,307.76517699753634
2011-08-04,313.66354349609503,315.0451521673868,310.69149841943727,313.66354349609503,8493971,313.66354349609503
2011-08-05,315.22706535435884,315.2889690116156,312.79074576329924,315.22706535435884,5980939,315.22706535435884
2011-08-08,311.6879171387193,313.40996157004275,310.4191843433153,311.6879171387193,8576126,311.6879171387193
2011-08-09,318.9400470649627,319.65419890953365,315.8410446185068,318.9400470649627,6061500,318.9400470649627
2011-08-10,319.49344616454647,323.8517854347937,315.08565654595026,319.49344616454647,2200532,319.49344616454647
2011-08-11,325.14511198537696,325.55227333474465,323.10737156365224,325.14511198537696,8496287,325.14511198537696
2011-08-12,325.47441154836457,326.8720167064981,322.66754146889525,325.47441154836457,6193378,325.47441154836457
2011-08-15,335.53522232137175,335.94557352006456,332.3371520813684,335.53522232137175,1464462,335.53522232137175
2011-08-16,344.3699025186562,346.2408574116346,342.6029907576297,344.3699025186562,5868923,344.3699025186562
2011-08-17,343.0838661255205,343.25149714378557,340.5961794668891,343.0838661255205,8930221,343.0838661255205
2011-08-18,348.0838208965505,348.22511400625945,346.2870877921224,348.0838208965505,7010554,348.0838208965505
2011-08-19,351.4534947932455,353.92066911320046,349.198985308379,351.4534947932455,5603623,351.4534947932455
2011-08-22,358.6686499529315,361.0462677244371,357.1194791931071,358.6686499529315,8962366,358.6686499529315
2011-08-23,353.47733302921887,358.43522473690365,350.64806678613223,353.47733302921887,1274535,353.47733302921887
2011-08-24,357.1148876352346,363.3628866557588,354.42120100032855,357.1148876352346,6140709,357.1148876352346
2011-08-25,362.78457476060964,367.2971187097275,358.47138044163336,362.78457476060964,3480017,362.78457476060964
2011-08-26,353.2139214101591,355.66135903094886,350.71209361596124,353.2139214101591,5816129,353.2139214101591
2011-08-29,346.9447707206496,349.4372471610192,345.7254395427926,346.9447707206496,9207623,346.9447707206496
2011-08-30,336.3322566152624,339.34217596723977,332.73299616955916,336.3322566152624,1917472,336.3322566152624
2011-08-31,334.97310348661773,335.9611055777163,334.88426440142746,334.97310348661773,4649279,334.97310348661773
2011-09-01,338.57846383121915,342.80304977345367,335.5926261841754,338.57846383121915,6016239,338.57846383121915
2011-09-02,346.20844997358927,348.5401314245014,345.6438983653006,346.20844997358927,4221131,346.20844997358927
2011-09-05,346.59323355979325,347.5602084480878,344.0114513962862,346.59323355979325,9977182,346.59323355979325
2011-09-06,355.0602404822728,358.0262257384385,352.6629508754647,355.0602404822728,3434138,355.0602404822728
2011-09-07,347.70995314761706,355.1688501747444,347.20744734538255,347.70995314761706,9493535,347.70995314761706
2011-09-08,338.8257077249072,342.84959647311376,336.1407853194259,338.8257077249072,8783874,338.8257077249072
2011-09-09,338.54339289904016,339.59227044334665,337.50080948777634,338.54339289904016,7590828,338.54339289904016
2011-09-12,340.4937352017282,342.6517057764589,334.0460958918895,340.4937352017282,5217690,340.4937352017282
2011-09-13,340.3267498482277,341.7350188674857,339.60085430629454,340.3267498482277,4649886,340.3267498482277
2011-09-14,329.7726620921382,330.3836901373474,329.76868676394537,329.7726620921382,6533326,329.7726620921382
2011-09-15,329.33182180199987,329.759362677508,326.640888927566,329.33182180199987,5446460,329.33182180199987
2011-09-16,322.88777204570374,323.02923393147756,320.75914839459455,322.88777204570374,8293708,322.88777204570374
2011-09-19,326.1312082050822,326.61062760907885,323.0734993874707,326.1312082050822,6044080,326.1312082050822
2011-09-20,327.92459513896364,331.0853918303424,322.6530109621152,327.92459513896364,1953122,327.92459513896364
2011-09-21,323.30144966280324,330.44810257207774,320.8355493967613,323.30144966280324,5663754,323.30144966280324
2011-09-22,320.8094408731726,322.5979271515701,318.3419596013012,320.8094408731726,5517562,320.8094408731726
2011-09-23,315.7123554073351,320.03699265860405,312.7449651882777,315.7123554073351,7540180,315.7123554073351
2011-09-26,315.4155269258113,315.6939822137993,312.7992344824153,315.4155269258113,9503197,315.4155269258113
2011-09-27,319.93452770046196,328.18790858593104,319.31441095881917,319.93452770046196,2193982,319.93452770046196
2011-09-28,315.2040107443159,317.73722521588854,314.3702493554909,315.2040107443159,9582447,315.2040107443159
2011-09-29,317.5871729937097,322.7927977181843,311.2231631599054,317.5871729937097,7654754,317.5871729937097
2011-09-30,315.0611277240505,320.3469108287153,313.05917251231136,315.0611277240505,1506453,315.0611277240505
2011-10-03,311.31407659393545,313.0374747167413,307.45609076538454,311.31407659393545,7548894,311.31407659393545
2011-10-04,310.8142757287839,312.5827563653729,310.6279965580964,310.8142757287839,3507743,310.8142757287839
2011-10-05,305.9877543390855,310.97044859793004,305.1390148755727,305.9877543390855,2555811,305.9877543390855
2011-10-06,303.4466057245668,304.59705598595355,299.31773339999484,303.4466057245668,6077198,303.4466057245668
2011-10-07,297.99422601588805,298.6008837342954,294.094016797595,297.99422601588805,7184377,297.99422601588805
2011-10-10,306.77637719564876,308.5608368302989,297.5132271950394,306.77637719564876,4845474,306.77637719564876
2011-10-11,306.93864756646286,310.0533281517412,306.37434226023873,306.93864756646286,4924482,306.93864756646286
2011-10-12,303.7170555500979,305.6890221923203,298.2485960047628,303.7170555500979,4232452,303.7170555500979
2011-10-13,304.69189577662394,308.4211425785953,300.9169266461974,304.69189577662394,5947796,304.69189577662394
2011-10-14,304.1785140804861,304.28218866778406,303.5407751864739,304.1785140804861,5290697,304.1785140804861
2011-10-17,303.1703010138414,305.50463117616795,301.6798061099678,303.1703010138414,7886940,303.1703010138414
2011-10-18,305.9632575637141,306.6785565551541,303.4937589745097,305.9632575637141,4812010,305.9632575637141
2011-10-19,309.43980046264966,314.25436084566917,306.42726104487247,309.43980046264966,2478081,309.43980046264966
2011-10-20,306.97742792372253,307.9931555500825,305.515117095638,306.97742792372253,2570889,306.97742792372253
2011-10-21,304.3259798867525,306.8626250668088,302.7877028718335,304.3259798867525,8373372,304.3259798867525
2011-10-24,303.07039922792467,309.1128217994154,299.8572168286138,303.07039922792467,4071640,303.07039922792467
2011-10-25,292.6057367321103,293.70024771410766,284.5308131439529,292.6057367321103,6253974,292.6057367321103
2011-10-26,285.9554327764426,289.46601895693175,284.8332979992127,285.9554327764426,1950922,285.9554327764426
2011-10-27,291.8184096169138,295.34836479973234,290.3331600588456,291.8184096169138,2684449,291.8184096169138
2011-10-28,299.01888754729055,304.02019489183584,298.9424155234762,299.01888754729055,9854198,299.01888754729055
2011-10-31,297.9018903546806,299.1501559045275,292.6317797922067,297.9018903546806,6753371,297.9018903546806
2011-11-01,300.47825149255254,302.59665878955064,298.39078962336697,300.47825149255254,2433284,300.47825149255254
2011-11-02,301.88111002576295,302.04946633644715,300.64556365844663,301.88111002576295,2117374,301.88111002576295
2011-11-03,315.8229493671653,317.586273889402,314.1677579315171,315.8229493671653,3999610,315.8229493671653
2011-11-04,321.1267611256666,321.37083477739014,320.63750885968756,321.1267611256666,3298756,321.1267611256666
2011-11-07,320.5105946980184,322.2373647333795,317.8746516818252,320.5105946980184,8100052,320.5105946980184
2011-11-08,315.91668217489564,318.82524364381237,312.3751592845211,315.91668217489564,3788107,315.91668217489564
2011-11-09,308.304134301078,308.8262807234676,308.3034959113745,308.304134301078,9418865,308.304134301078
2011-11-10,309.2450645028449,313.6169068106848,309.21630371874085,309.2450645028449,5601731,309.2450645028449
2011-11-11,305.73659847766163,306.0766572542498,304.73410432480705,305.73659847766163,8173877,305.73659847766163
2011-11-14,299.2140733074922,301.9186921804567,298.749720940924,299.2140733074922,1985257,299.2140733074922
2011-11-15,296.3121177117265,298.49158206101805,293.86725157048716,296.3121177117265,2101267,296.3121177117265
2011-11-16,291.50498102135845,295.1082541971619,288.9772532506199,291.50498102135845,1418829,291.50498102135845
2011-11-17,298.88213387604105,302.1438648516784,296.9151412701028,298.88213387604105,8040906,298.88213387604105
2011-11-18,302.8347294540461,304.6794112344968,301.9149415565188,302.8347294540461,4438780,302.8347294540461
2011-11-21,302.79851356390384,306.1060203788012,298.7232364131382,302.79851356390384,8517750,302.79851356390384
2011-11-22,309.5203868451065,310.49973550261245,306.98461674843753,309.5203868451065,2546933,309.5203868451065
2011-11-23,309.8795928727961,313.63873508664085,308.4038815686806,309.8795928727961,9713937,309.8795928727961
2011-11-24,305.8761769079655,306.3096551854392,303.2016287107045,305.8761769079655,3956151,305.8761769079655
2011-11-25,312.86448745364123,320.1208459312658,312.0430262974079,312.86448745364123,2227222,312.86448745364123
2011-11-28,315.39357467265654,316.63407386614773,314.7830045309888,315.39357467265654,2543812,315.39357467265654
2011-11-29,310.48646308622926,311.0827495954075,307.8445400990211,310.48646308622926,8831038,310.48646308622926
2011-11-30,309.5999993420289,310.557023913166,309.17469628604823,309.5999993420289,7835032,309.5999993420289
2011-12-01,305.53362818195205,305.9416405534404,304.3406267591891,305.53362818195205,1865256,305.53362818195205
2011-12-02,299.19625089919367,299.6524349333964,298.8874152843072,299.19625089919367,8948745,299.19625089919367
2011-12-05,303.3528836475208,305.50095173761395,302.5478993085022,303.3528836475208,1000917,303.3528836475208
2011-12-06,312.04128930708845,315.02659555124507,310.22284167832856,312.04128930708845,8304000,312.04128930708845
2011-12-07,305.4951268733243,307.896286372914,298.0446593014393,305.4951268733243,8150406,305.4951268733243
2011-12-08,308.0748922491528,312.17608673641115,307.6612118649343,308.0748922491528,8068931,308.0748922491528
2011-12-09,305.06819265852903,310.66987120375404,300.72784063364605,305.06819265852903,5473447,305.06819265852903
2011-12-12,302.8390957521812,304.37749209310266,300.0341534033153,302.8390957521812,9650699,302.8390957521812
2011-12-13,300.14809514699743,303.45982899791636,297.25047298640004,300.14809514699743,9791765,300.14809514699743
2011-12-14,296.2582173908377,302.6363326838937,292.5960785497941,296.2582173908377,7876913,296.2582173908377
2011-12-15,296.4738413558352,297.62587527137504,296.21099479025827,296.4738413558352,7139996,296.4738413558352
2011-12-16,292.7785167610233,300.07748377102246,292.2008187595447,292.7785167610233,8557773,292.7785167610233
2011-12-19,293.966275985519,293.98412241809126,292.1505877099567,293.966275985519,9637873,293.966275985519
2011-12-20,293.74475133630926,296.20777397670014,292.81630391133103,293.74475133630926,8737777,293.74475133630926
2011-12-21,292.6919053171732,292.93141322581494,290.8895930065146,292.6919053171732,8554159,292.6919053171732
2011-12-22,288.70735725557944,288.99285895990675,285.23165431261816,288.70735725557944,7565792,288.70735725557944
2011-12-23,286.2095853567419,288.8400703478125,285.8104767493199,286.2095853567419,2384822,286.2095853567419
2011-12-26,289.45258849962755,290.29279568153714,288.1495040193677,289.45258849962755,2807402,289.45258849962755
2011-12-27,291.62746514835504,292.4072545758845,291.6259254753245,291.62746514835504,2949902,291.62746514835504
2011-12-28,287.3512357771088,288.2756383986809,285.6236607544856,287.3512357771088,8505191,287.3512357771088
2011-12-29,287.77938468787397,289.70201128452635,283.62426818221866,287.77938468787397,9717429,287.77938468787397
2011-12-30,291.0228905482689,293.90996086935303,284.3404783662301,291.0228905482689,1243877,291.0228905482689
2012-01-02,283.7353632921416,284.23178599341634,282.17329556217953,283.7353632921416,4345026,283.7353632921416
2012-01-03,286.0479208158927,288.20971413128876,282.556098302424,286.0479208158927,1920759,286.0479208158927
2012-01-04,283.20478858794763,284.72421015618477,281.76571121547016,283.20478858794763,2761369,283.20478858794763
2012-01-05,285.62873271756,288.19501542782274,285.2066296657157,285.62873271756,6786572,285.62873271756
2012-01-06,282.3586015332853,282.43817345512866,281.07881566409606,282.3586015332853,8562160,282.3586015332853
2012-01-09,274.7142417451439,274.7392929276298,270.7241065712282,274.7142417451439,9386369,274.7142417451439
2012-01-10,268.00760544417716,270.91788814778687,267.1319046246523,268.00760544417716,2858997,268.00760544417716
2012-01-11,268.2009124153666,269.4740574071703,267.3950374413161,268.2009124153666,5980249,268.2009124153666
2012-01-12,269.24577959441416,269.31316362459626,267.5705131187423,269.24577959441416,5975467,269.24577959441416
2012-01-13,265.59352807351775,267.76546243896007,262.56886101713417,265.59352807351775,2429290,265.59352807351775
2012-01-16,268.1376184354351,271.86528784867977,265.35136883576456,268.1376184354351,6188757,268.1376184354351
2012-01-17,261.4548779482427,262.91330020389773,261.25678852535304,261.4548779482427,3120711,261.4548779482427
2012-01-18,261.19572466289003,261.22276526331154,259.44445795596266,261.19572466289003,1521244,261.19572466289003
2012-01-19,256.4510408547582,259.81525852693005,253.70225182414973,256.4510408547582,7271271,256.4510408547582
2012-01-20,253.94358013006956,256.6483678985377,249.99790949306356,253.94358013006956,2399769,253.94358013006956
2012-01-23,254.12412895438206,254.89977857567698,252.045673985118,254.12412895438206,7913744,254.12412895438206
2012-01-24,250.84435199947967,252.37327893334387,249.90014996287604,250.84435199947967,6919359,250.84435199947967
2012-01-25,249.3973982049776,249.86369977001323,247.14770509794243,249.3973982049776,9876659,249.3973982049776
2012-01-26,253.16190033173447,253.3053163581405,250.96024474869594,253.16190033173447,1825782,253.16190033173447
2012-01-27,250.97119470211834,252.30057093597796,248.1466775780794,250.97119470211834,1439439,250.97119470211834
2012-01-30,254.11721441864023,254.29636394964317,251.09471404852175,254.11721441864023,2264134,254.11721441864023
2012-01-31,249.8110450334117,251.02637987395863,245.70746656240175,249.8110450334117,7767567,249.8110450334117
2012-02-01,251.79630906363295,251.95865326041522,249.52857929512783,251.79630906363295,6759919,251.79630906363295
2012-02-02,257.24103393278716,262.3227445530724,255.59882794280873,257.24103393278716,2894554,257.24103393278716
2012-02-03,247.7039081318817,250.03067861283677,246.88990732460803,247.7039081318817,6855319,247.7039081318817
2012-02-06,244.74299709460482,245.09564129691827,243.26673809767595,244.74299709460482,8605503,244.74299709460482
2012-02-07,246.8615125237937,249.84778326289208,245.51830446832085,246.8615125237937,8984638,246.8615125237937
2012-02-08,246.1096511571504,247.5861336617356,245.7090021039073,246.1096511571504,1947272,246.1096511571504
2012-02-09,247.47978987850786,251.2680888219556,247.3785231892185,247.47978987850786,5914082,247.47978987850786
2012-02-10,245.2376779720354,248.22654123714688,242.7799367265499,245.2376779720354,6730482,245.2376779720354
2012-02-13,245.55620414827462,246.08032636015596,243.73706400625466,245.55620414827462,6941028,245.55620414827462
2012-02-14,244.98279148334697,248.63481398677385,243.72550656193366,244.98279148334697,7600430,244.98279148334697
2012-02-15,249.27408912299094,249.6446785727538,248.7042487662912,249.27408912299094,7343902,249.27408912299094
2012-02-16,250.2253969825081,251.06887169191054,247.73728231250087,250.2253969825081,4119734,250.2253969825081
2012-02-17,251.4925483846099,253.03521037500806,245.04847016798897,251.4925483846099,8748408,251.4925483846099
2012-02-20,249.938788567144,250.69477763733528,249.4613360914742,249.938788567144,1711943,249.938788567144
2012-02-21,248.11071293300685,249.07382120493014,242.12475561011138,248.11071293300685,3621158,248.11071293300685
2012-02-22,246.50087812753281,246.92095561216016,244.5668216680379,246.50087812753281,8730484,246.50087812753281
2012-02-23,247.95937011966586,248.3575283516532,247.9116122033938,247.95937011966586,7143243,247.95937011966586
2012-02-24,246.39356441925065,246.4010696168796,245.74581833463307,246.39356441925065,3438064,246.39356441925065
2012-02-27,247.46454431729742,248.54581136800857,247.40894919802327,247.46454431729742,6754640,247.46454431729742
2012-02-28,255.16836601098564,258.2065186553286,253.7722911046593,255.16836601098564,5230207,255.16836601098564
2012-02-29,258.5026180184827,260.9572403181013,255.45018597701159,258.5026180184827,6446441,258.5026180184827
2012-03-01,257.23844896946736,261.058177472287,254.37198512557086,257.23844896946736,2998173,257.23844896946736
2012-03-02,261.8734250627371,268.561465812106,260.00003150973225,261.8734250627371,6858204,261.8734250627371
2012-03-05,260.2704636284835,262.7022223932392,258.4012383104699,260.2704636284835,5706797,260.2704636284835
2012-03-06,252.31350936293362,255.76232897563997,251.20717583863774,252.31350936293362,2490017,252.31350936293362
2012-03-07,248.49820244020904,249.05674042361989,248.44945539846063,248.49820244020904,4102641,248.49820244020904
2012-03-08,241.5248759974902,244.35099003271054,239.89974873168617,241.5248759974902,1641593,241.5248759974902
2012-03-09,240.25138723782237,244.58067023686255,238.82954557163922,240.25138723782237,2534227,240.25138723782237
2012-03-12,240.31776285508684,241.6189939702027,239.4669401389571,240.31776285508684,3297905,240.31776285508684
2012-03-13,246.36092782187868,248.23118951840794,244.94779717216713,246.36092782187868,5197079,246.36092782187868
2012-03-14,247.56905978884228,248.99632116750632,247.31689511632644,247.56905978884228,3587551,247.56905978884228
2012-03-15,246.75542211009557,253.14895945512882,242.93313089670318,246.75542211009557,5109070,246.75542211009557
2012-03-16,249.8253269743766,251.18998395330274,246.7297236710616,249.8253269743766,2806210,249.8253269743766
2012-03-19,241.5393629510143,242.4857238496802,237.99471177297067,241.5393629510143,4989284,241.5393629510143
2012-03-20,242.39301580502723,245.97779415766828,241.99364703308828,242.39301580502723,7356605,242.39301580502723
2012-03-21,245.19580089190805,245.6453917157253,245.07102638378672,245.19580089190805,9415224,245.19580089190805
2012-03-22,239.75765381108184,239.79436034626102,239.34205390351028,239.75765381108184,5940359,239.75765381108184
2012-03-23,243.8710106001253,245.2837346345231,243.27607947099452,243.8710106001253,4838187,243.8710106001253
2012-03-26,245.1092525148279,245.4023550620023,244.5621631368963,245.1092525148279,5401207,245.1092525148279
2012-03-27,243.58238886250786,245.95261343398627,239.9533439079718,243.58238886250786,7091111,243.58238886250786
2012-03-28,245.89440664113351,248.83670903518833,241.95787330236436,245.89440664113351,2038218,245.89440664113351
2012-03-29,254.2696667351446,254.67275935215693,252.16305011132528,254.2696667351446,9740973,254.2696667351446
2012-03-30,254.963312816106,255.03292937458974,254.70005105898966,254.963312816106,8192767,254.963312816106
2012-04-02,255.91261996099033,258.300970446311,251.70749242345983,255.91261996099033,5109404,255.91261996099033
2012-04-03,254.1492761913556,255.27587482424354,253.70234349534087,254.1492761913556,9749917,254.1492761913556
2012-04-04,250.90946622073395,253.12951998760545,246.74068029648905,250.90946622073395,5250167,250.90946622073395
2012-04-05,254.0345529684301,254.47389571863306,253.98149407125666,254.0345529684301,4318843,254.0345529684301
2012-04-06,250.77242988815618,255.06492283641077,250.19389562111147,250.77242988815618,8291916,250.77242988815618
2012-04-09,251.04163247623805,254.48567550141308,247.87809427785845,251.04163247623805,1278495,251.04163247623805
2012-04-10,249.24295389823283,253.26464198926243,247.7067165181465,249.24295389823283,2846357,249.24295389823283
2012-04-11,251.03368909763321,254.72682224365013,250.09181978274523,251.03368909763321,6917054,251.03368909763321
2012-04-12,252.29009553566718,252.8181984407324,251.48853181452964,252.29009553566718,8880055,252.29009553566718
2012-04-13,256.21651131055063,257.93078613967504,252.93272829156382,256.21651131055063,4030486,256.21651131055063
2012-04-16,254.25639197416464,256.9004161123081,252.83842680480248,254.25639197416464,4980053,254.25639197416464
2012-04-17,253.22713056418533,254.76071341771177,250.41261747240637,253.22713056418533,1700033,253.22713056418533
2012-04-18,249.50938765546692,254.06545331026723,248.89433509225978,249.50938765546692,6107742,249.50938765546692
2012-04-19,247.8465575665513,249.52677350151876,246.61173211385415,247.8465575665513,8036278,247.8465575665513
2012-04-20,249.24924699209126,250.46536250288293,246.40743409898943,249.24924699209126,4901403,249.24924699209126
2012-04-23,252.07942963229786,257.5175598717082,248.0952116844899,252.07942963229786,1134445,252.07942963229786
2012-04-24,248.59254599811717,250.09830814670173,246.06909750237327,248.59254599811717,2845700,248.59254599811717
2012-04-25,251.83520924352868,253.70406667641487,249.79318453350527,251.83520924352868,9304831,251.83520924352868
2012-04-26,256.9561694009876,257.7252201509015,253.72474550748566,256.9561694009876,7882727,256.9561694009876
2012-04-27,258.54968913642307,261.9153371935241,257.94463151818445,258.54968913642307,1871535,258.54968913642307
2012-04-30,265.8283637450645,269.97930340901945,264.58865090908574,265.8283637450645,2742166,265.8283637450645
2012-05-01,262.7429369948449,262.8270256360605,260.1487852879949,262.7429369948449,2035408,262.7429369948449
2012-05-02,257.83757351045756,259.7801678657523,257.6417432340413,257.83757351045756,2461312,257.83757351045756
2012-05-03,250.95825981648662,252.1125979020472,250.15557603806013,250.95825981648662,8627742,250.95825981648662
2012-05-04,256.5899299717818,258.3288793644367,256.2005342457442,256.5899299717818,6053929,256.5899299717818
2012-05-07,259.10848454087926,264.3253417258848,256.94455842471496,259.10848454087926,9885048,259.10848454087926
2012-05-08,258.8924476432296,259.2459273037675,253.48278970218098,258.8924476432296,2471926,258.8924476432296
2012-05-09,259.9796740871984,260.9294358656699,255.80008218847,259.9796740871984,3873524,259.9796740871984
2012-05-10,255.59060995161826,256.0626354718389,255.11843037919053,255.59060995161826,3742455,255.59060995161826
2012-05-11,264.9672785555279,268.5367224236008,259.6053842277547,264.9672785555279,3269409,264.9672785555279
2012-05-14,265.48086932932347,268.0603187252873,265.46281704287253,265.48086932932347,7013704,265.48086932932347
2012-05-15,265.9165027069006,269.10860138891366,265.4111575512467,265.9165027069006,1295599,265.9165027069006
2012-05-16,268.8114025430286,270.5772092675565,267.850548488646,268.8114025430286,2557009,268.8114025430286
2012-05-17,270.7509140363179,273.5854350910759,270.2625019091007,270.7509140363179,1597904,270.7509140363179
2012-05-18,271.6601660994935,273.11803785838663,267.93068365289287,271.6601660994935,1116841,271.6601660994935
2012-05-21,268.43905977153827,271.6219528559877,262.50155845332057,268.43905977153827,6907726,268.43905977153827
2012-05-22,270.33746760906257,272.28106778240607,266.19202177351417,270.33746760906257,9558542,270.33746760906257
2012-05-23,277.9691936543918,280.73789937503943,274.01103143974206,277.9691936543918,6826038,277.9691936543918
2012-05-24,283.5789735347341,285.72508527866063,282.82280359658466,283.5789735347341,2135270,283.5789735347341
2012-05-25,290.35588695820906,294.4841979304938,289.10955051443227,290.35588695820906,1237068,290.35588695820906
2012-05-28,288.1293697408523,292.455152929939,286.4335749140728,288.1293697408523,6024592,288.1293697408523
2012-05-29,283.8523565435481,284.76829087019246,279.3160429102298,283.8523565435481,2604243,283.8523565435481
2012-05-30,283.31678283815853,284.0274348706749,282.00737010945784,283.31678283815853,1851161,283.31678283815853
2012-05-31,283.5535998812621,287.3197421838871,277.8135970716894,283.5535998812621,5772945,283.5535998812621
2012-06-01,288.20752904159184,289.8106258074733,284.2787589264176,288.20752904159184,2638846,288.20752904159184
2012-06-04,280.89081330778583,282.1713601785566,280.35794611068997,280.89081330778583,5230987,280.89081330778583
2012-06-05,287.33536280621297,293.55618014869754,285.43325391392864,287.33536280621297,8870907,287.33536280621297
2012-06-06,286.6543439532463,288.499016914762,285.43351977635285,286.6543439532463,9713542,286.6543439532463
2012-06-07,284.8188342574687,287.46149769404275,284.764297781047,284.8188342574687,2802466,284.8188342574687
2012-06-08,280.49483843284145,280.65475730540703,278.6955007637498,280.49483843284145,3382865,280.49483843284145
2012-06-11,273.53215711077394,274.26684336498164,272.1976695260205,273.53215711077394,1464310,273.53215711077394
2012-06-12,276.90961149329246,281.14208747466904,271.9131981524954,276.90961149329246,4714755,276.90961149329246
2012-06-13,277.21414824043677,278.6219408066955,276.68493592024123,277.21414824043677,9945850,277.21414824043677
2012-06-14,271.850217059159,273.3135761184763,269.8935535311286,271.850217059159,4127640,271.850217059159
2012-06-15,266.56920537974594,269.42817966645214,263.12173793255766,266.56920537974594,5303677,266.56920537974594
2012-06-18,265.22655747271926,266.1945090336886,262.6898341960681,265.22655747271926,5098535,265.22655747271926
2012-06-19,271.8665899752249,274.1481206805619,270.5822751367226,271.8665899752249,5753292,271.8665899752249
2012-06-20,270.8079767429906,273.6374033821437,266.78887215359396,270.8079767429906,7227952,270.8079767429906
2012-06-21,264.7020302146496,269.9070160279874,263.76071446069966,264.7020302146496,6673938,264.7020302146496
2012-06-22,263.72629989502883,269.1490588769982,262.9006835346059,263.72629989502883,9009292,263.72629989502883
2012-06-25,262.6474342258731,265.5449826926063,262.64557312039847,262.6474342258731,6108728,262.6474342258731
2012-06-26,252.0224788683736,252.5800877351206,248.8711703012613,252.0224788683736,6060795,252.0224788683736
2012-06-27,251.81722596562892,252.51428953851308,250.29495224026377,251.81722596562892,6769049,251.81722596562892
2012-06-28,250.94492657397657,251.71634808607712,248.7307565185912,250.94492657397657,1919134,250.94492657397657
2012-06-29,253.56556840045315,255.6339971000824,252.41922297832144,253.56556840045315,2855797,253.56556840045315
2012-07-02,260.5980424478876,262.84041951433613,259.37312181214634,260.5980424478876,7379515,260.5980424478876
2012-07-03,265.00175206874354,266.5469174968688,264.29717010179627,265.00175206874354,9078886,265.00175206874354
2012-07-04,263.93291245711606,264.3740016636608,262.7802653385091,263.93291245711606,5636440,263.93291245711606
2012-07-05,259.55218337006437,260.2856258013228,259.3805347248833,259.55218337006437,7489759,259.55218337006437
2012-07-06,269.5710007030183,270.2413998605309,263.9107596639828,269.5710007030183,9899770,269.5710007030183
2012-07-09,269.8104542907786,274.14724069146087,269.14395312538085,269.8104542907786,3570725,269.8104542907786
2012-07-10,269.8668283194633,271.1918068492925,268.8997871166085,269.8668283194633,3426277,269.8668283194633
2012-07-11,269.7691699083437,271.7516436116111,268.02230175447227,269.7691699083437,8200987,269.7691699083437
2012-07-12,270.57072733060124,272.36429000057296,268.5571617005779,270.57072733060124,6324852,270.57072733060124
2012-07-13,269.98483180582116,273.15303322623816,269.49555402656677,269.98483180582116,6580509,269.98483180582116
2012-07-16,267.6616311992069,268.14615645605545,265.9235087322679,267.6616311992069,2317621,267.6616311992069
2012-07-17,265.4660338554828,268.908682193492,261.9584204458351,265.4660338554828,7408929,265.4660338554828
2012-07-18,265.33561064438226,266.3961251118372,261.56889834363,265.33561064438226,4637967,265.33561064438226
2012-07-19,263.17276149206134,264.88695541662224,261.5926102134577,263.17276149206134,3367893,263.17276149206134
2012-07-20,260.3587375948846,261.7350373142042,255.49903774081793,260.3587375948846,6766140,260.3587375948846
2012-07-23,260.7743881907416,262.30347537322086,258.1470505301314,260.7743881907416,6053127,260.7743881907416
2012-07-24,259.7770152726091,262.9937900762054,257.9985043455837,259.7770152726091,1739574,259.7770152726091
2012-07-25,265.63755741608327,265.69406271294883,263.53735888616103,265.63755741608327,5071495,265.63755741608327
2012-07-26,255.07460024580374,255.8623548181176,250.04936580834797,255.07460024580374,1325437,255.07460024580374
2012-07-27,259.2508353545989,263.66384181809656,256.93676929870503,259.2508353545989,3091013,259.2508353545989
2012-07-30,264.096564760769,264.73238563735066,260.8979013021917,264.096564760769,4681890,264.096564760769
2012-07-31,255.88293619395614,262.5401993369833,254.0130355094368,255.88293619395614,6991305,255.88293619395614
2012-08-01,254.5676175773983,256.0072220094529,254.53128296865188,254.5676175773983,1872834,254.5676175773983
2012-08-02,253.14926533248678,257.60662332153777,250.73437470056717,253.14926533248678,5637370,253.14926533248678
2012-08-03,247.80460706051628,249.6714223045177,246.79595232467446,247.80460706051628,7626379,247.80460706051628
2012-08-06,244.91340868101273,245.84691667390263,243.23252275367312,244.91340868101273,6887774,244.91340868101273
2012-08-07,240.83348494233522,243.93964144713243,240.5784556405372,240.83348494233522,8352132,240.83348494233522
2012-08-08,247.16356590410263,248.8274249369029,245.7191099419604,247.16356590410263,2032499,247.16356590410263
2012-08-09,250.63255002694885,250.97956579027226,245.67894659021016,250.63255002694885,4820888,250.63255002694885
2012-08-10,255.41294646632102,258.5399626651629,251.41767087599757,255.41294646632102,8730302,255.41294646632102
2012-08-13,258.1778122902167,258.71746396305554,254.00252824408042,258.1778122902167,8534504,258.1778122902167
2012-08-14,253.80537054638785,255.9640371367666,253.5405095724699,253.80537054638785,3331348,253.80537054638785
2012-08-15,251.80847963825443,253.27028691115126,249.5452651909408,251.80847963825443,7565269,251.80847963825443
2012-08-16,253.65690960180103,255.14987939303796,250.28247717073984,253.65690960180103,8199107,253.65690960180103
2012-08-17,249.00689215467176,253.16506946290806,248.5359693471671,249.00689215467176,3806284,249.00689215467176
2012-08-20,251.67001500279756,252.66328490111482,249.35049802784397,251.67001500279756,7572531,251.67001500279756
2012-08-21,250.7627745543974,253.76160410118288,250.44292884121896,250.7627745543974,2141452,250.7627745543974
2012-08-22,249.35290796946956,250.46153765158635,245.58479920697377,249.35290796946956,7816080,249.35290796946956
2012-08-23,252.0121070022909,255.02776322483945,248.35496856948694,252.0121070022909,6550560,252.0121070022909
2012-08-24,253.6915030001621,255.238470415168,253.66083436667452,253.6915030001621,2230796,253.6915030001621
2012-08-27,252.3178922630794,252.6560415532992,249.1578795212952,252.3178922630794,1113936,252.3178922630794
2012-08-28,256.70568704941894,256.7433924806137,255.77222332679577,256.70568704941894,5210583,256.70568704941894
2012-08-29,252.542960485587,254.52516592224632,250.30318881446192,252.542960485587,8539769,252.542960485587
2012-08-30,254.87621351027985,256.5285261329891,253.80379178264764,254.87621351027985,5280428,254.87621351027985
2012-08-31,257.1437245531674,257.45473512727557,250.44715204690667,257.1437245531674,3433351,257.1437245531674
2012-09-03,255.9497556882568,257.0235479534698,255.44054839258484,255.9497556882568,3189063,255.9497556882568
2012-09-04,257.20186069872796,259.48450709359065,256.0785610172807,257.20186069872796,3819182,257.20186069872796
2012-09-05,252.37502960185185,253.4790651167888,251.35469059433854,252.37502960185185,1447244,252.37502960185185
2012-09-06,255.87304979673064,257.72142900816755,252.7110162136704,255.87304979673064,7252016,255.87304979673064
2012-09-07,255.16337769324664,256.1147113572842,252.43044094734634,255.16337769324664,9471414,255.16337769324664
2012-09-10,253.16268112054183,257.5347091083069,251.44062779056975,253.16268112054183,2278673,253.16268112054183
2012-09-11,257.14623094253756,258.17388033132806,254.07974282049383,257.14623094253756,6168638,257.14623094253756
2012-09-12,254.42944106286913,255.00110515475328,249.90419061406774,254.42944106286913,5115741,254.42944106286913
2012-09-13,249.05413075698215,251.37678674682297,248.25802468049082,249.05413075698215,7778892,249.05413075698215
2012-09-14,243.2388568711378,246.68887346617606,242.01249561361993,243.2388568711378,4457521,243.2388568711378
2012-09-17,245.44993438840555,249.7718384621176,245.2498370407659,245.44993438840555,5684013,245.44993438840555
2012-09-18,240.73571488001753,244.40851451550995,239.8987334119018,240.73571488001753,6044829,240.73571488001753
2012-09-19,247.07233935802702,250.19183543872714,245.86853234665114,247.07233935802702,6683860,247.07233935802702
2012-09-20,239.35653182026547,240.67744033884125,237.7391803967549,239.35653182026547,3438710,239.35653182026547
2012-09-21,245.4474005107401,251.72643415729715,245.36357428980418,245.4474005107401,9887120,245.4474005107401
2012-09-24,246.22430584254877,247.61362057557616,243.54724207678254,246.22430584254877,1767442,246.22430584254877
2012-09-25,245.86710906000638,246.3208600139095,243.19742220616928,245.86710906000638,8936627,245.86710906000638
2012-09-26,243.85744385182636,247.61799376354298,242.20074152979637,243.85744385182636,9863886,243.85744385182636
2012-09-27,245.31742854074903,250.23872402811983,242.49923655446833,245.31742854074903,2930440,245.31742854074903
2012-09-28,245.17894181440764,250.2333144690709,243.5452838755013,245.17894181440764,9768201,245.17894181440764
2012-10-01,249.23653763342747,252.2482277884894,248.08359111172456,249.23653763342747,1494955,249.23653763342747
2012-10-02,249.66358318824552,252.22029438427447,245.35487227024305,249.66358318824552,6478878,249.66358318824552
2012-10-03,250.2264563331367,251.70911552094165,248.53101031423122,250.2264563331367,6679487,250.2264563331367
2012-10-04,248.86167540301082,250.79871781784405,245.88999473644225,248.86167540301082,5840349,248.86167540301082
2012-10-05,248.64910165311943,250.01961998521062,246.20944237421054,248.64910165311943,2626528,248.64910165311943
2012-10-08,249.79712115295322,251.84095840904777,248.63705267519276,249.79712115295322,7096696,249.79712115295322
2012-10-09,243.38919403536727,243.39740710006282,242.26458775132886,243.38919403536727,3914611,243.38919403536727
2012-10-10,238.46718758591913,238.87302206895808,236.59905827061792,238.46718758591913,2308014,238.46718758591913
2012-10-11,241.12584905794705,242.21869904005624,240.51932378326134,241.12584905794705,3247680,241.12584905794705
2012-10-12,241.7438501655959,243.4273239931477,240.29940601581637,241.7438501655959,7589154,241.7438501655959
2012-10-15,241.07669756415277,243.37971581263287,237.6476952744222,241.07669756415277,3821839,241.07669756415277
2012-10-16,241.14335743975062,241.3565447735627,236.9501164079606,241.14335743975062,1298783,241.14335743975062
2012-10-17,242.40061273098382,245.9821547007464,240.0278548181222,242.40061273098382,4602571,242.40061273098382
2012-10-18,240.43804157246677,243.1830965193354,240.2329043013774,240.43804157246677,9340960,240.43804157246677
2012-10-19,237.63103061363182,238.091225582599,235.7103404491998,237.63103061363182,4879928,237.63103061363182
2012-10-22,238.3291142607766,240.0375105482928,236.34992346220218,238.3291142607766,8039879,238.3291142607766
2012-10-23,234.8314934981889,239.21470931275212,233.60446582105462,234.8314934981889,3115226,234.8314934981889
2012-10-24,236.2695525634266,236.4649018499235,235.28100495899957,236.2695525634266,7962365,236.2695525634266
2012-10-25,230.23552256780007,230.51582857993958,227.00854472302694,230.23552256780007,2340683,230.23552256780007
2012-10-26,233.78974535724907,237.3280356580848,232.26905974223286,233.78974535724907,4630400,233.78974535724907
2012-10-29,235.4470720332964,236.93229967462455,231.90811347249365,235.4470720332964,6994602,235.4470720332964
2012-10-30,236.35129380276138,238.77197261302086,233.86500199814594,236.35129380276138,3854119,236.35129380276138
2012-10-31,239.83519808471883,244.2819646638605,237.4414974021937,239.83519808471883,3673705,239.83519808471883
2012-11-01,245.8267889841096,248.82841691023359,244.8828847356477,245.8267889841096,7307517,245.8267889841096
2012-11-02,249.5671790229848,251.019903840689,248.94276142633274,249.5671790229848,4597170,249.5671790229848
2012-11-05,242.67585219024164,243.22547440720084,237.8328491025248,242.67585219024164,4305610,242.67585219024164
2012-11-06,238.01801572755778,240.30165396091863,230.61584928981068,238.01801572755778,9841830,238.01801572755778
2012-11-07,235.78724455676516,236.66486065811668,234.35666897353744,235.78724455676516,3088618,235.78724455676516
2012-11-08,235.8795236093172,238.44765866677844,235.44740029781119,235.8795236093172,8596537,235.8795236093172
2012-11-09,237.71110105642205,242.19097191461773,236.44052179421016,237.71110105642205,7922972,237.71110105642205
2012-11-12,235.1233406427781,238.75186638070517,233.03625555206665,235.1233406427781,5400852,235.1233406427781
2012-11-13,235.78203902655147,236.93465816100863,235.0259623605147,235.78203902655147,7759991,235.78203902655147
2012-11-14,233.11045310600963,235.72039837780352,228.92562778003187,233.11045310600963,3593157,233.11045310600963
2012-11-15,230.97218522394195,231.29759326711275,230.44078576387625,230.97218522394195,8058021,230.97218522394195
2012-11-16,226.09869141281382,230.09710967678052,224.97330080178045,226.09869141281382,7119922,226.09869141281382
2012-11-19,222.96756398059662,223.68812316048624,221.48276889783477,222.96756398059662,6575477,222.96756398059662
2012-11-20,218.44683662383142,218.76926980437582,217.5258940093145,218.44683662383142,7919879,218.44683662383142
2012-11-21,215.24919024795082,216.2523300444821,213.4433776140279,215.24919024795082,8759080,215.24919024795082
2012-11-22,218.65112340091935,222.1379595724071,217.30149237430655,218.65112340091935,7662064,218.65112340091935
2012-11-23,215.53731639693902,216.6443162836512,214.3339677790867,215.53731639693902,1217314,215.53731639693902
2012-11-26,224.0479648867363,225.24147027693337,221.58309171714794,224.0479648867363,3635122,224.0479648867363
2012-11-27,225.70586796275472,228.34643891123702,224.71388789547635,225.70586796275472,6728394,225.70586796275472
2012-11-28,226.33164692869607,232.83248530012705,224.5686671117683,226.33164692869607,1748692,226.33164692869607
2012-11-29,223.41754397805897,223.47901710315102,222.39479908350447,223.41754397805897,3382962,223.41754397805897
2012-11-30,225.7644666772759,229.76558104267684,221.9840577655775,225.7644666772759,4466689,225.7644666772759
2012-12-03,223.81508817467832,227.53323695052862,223.80256344020182,223.81508817467832,2614694,223.81508817467832
2012-12-04,224.22470273602374,225.2496254585718,222.72521874669948,224.22470273602374,9970512,224.22470273602374
2012-12-05,232.83521565460993,234.23737740405133,230.2933515653477,232.83521565460993,5465669,232.83521565460993
2012-12-06,232.4997237425877,233.58962259293853,231.59971800372634,232.4997237425877,4881143,232.4997237425877
2012-12-07,236.50780970557983,238.8690692402235,234.8628085894857,236.50780970557983,5911077,236.50780970557983
2012-12-10,234.013208963433,234.71944187259223,232.02619786670672,234.013208963433,2945537,234.013208963433
2012-12-11,233.8903924293633,235.6821805988012,233.2028319818589,233.8903924293633,8941238,233.8903924293633
2012-12-12,240.10299126310764,243.0488946344547,239.9310793176744,240.10299126310764,9466724,240.10299126310764
2012-12-13,237.84494127313354,238.08315267751996,234.23475535174026,237.84494127313354,9772978,237.84494127313354
2012-12-14,244.31116708569385,244.8087648017984,243.4389048783665,244.31116708569385,4374659,244.31116708569385
2012-12-17,246.90484260606812,249.07262413000808,244.70644345758868,246.90484260606812,1519385,246.90484260606812
2012-12-18,244.82170604446836,246.8460886341753,243.41347931078292,244.82170604446836,2572138,244.82170604446836
2012-12-19,247.14411316833784,247.70384241724133,245.90674731129238,247.14411316833784,6180703,247.14411316833784
2012-12-20,250.74952977275163,251.67069705364048,250.6247224861948,250.74952977275163,1226256,250.74952977275163
2012-12-21,253.0883081072612,255.400483980923,253.07043207859024,253.0883081072612,7853878,253.0883081072612
2012-12-24,247.1272253416821,249.11209919702685,245.49539203135677,247.1272253416821,9809147,247.1272253416821
2012-12-25,244.4317944511163,248.08039990579076,242.72363560348086,244.4317944511163,8849453,244.4317944511163
2012-12-26,243.52427308739712,244.18452486600444,242.49910178467826,243.52427308739712,7494290,243.52427308739712
2012-12-27,243.25237788667226,243.30435433826486,242.05553033927916,243.25237788667226,4373307,243.25237788667226
2012-12-28,245.5170773409289,247.3516096171227,244.2255719694165,245.5170773409289,1550242,245.5170773409289
2012-12-31,246.17150679677422,252.13929557386217,240.87059008442552,246.17150679677422,8001837,246.17150679677422
